{
    "loss": 1.2710230350494385,
    "accuracy": 0.8846153616905212
}